﻿<linker>
  <assembly fullname="UnoChat.Client.Wasm" />
  <assembly fullname="Uno.UI" />

  <assembly fullname="Microsoft.AspnetCore.Http.Connections.Client"/>
  <assembly fullname="Microsoft.Extensions.Options"/>
  <assembly fullname="Microsoft.AspNetCore.SignalR.Client"/>
  <assembly fullname="Microsoft.AspNetCore.SignalR.Client.Core"/>
  <assembly fullname="Microsoft.AspNetCore.SignalR.Protocols.Json"/>

  <assembly fullname="System.Core">
	<!-- This is required by JSon.NET and any expression.Compile caller -->
	  <type fullname="System.Linq.Expressions*" />
  </assembly>
</linker>
